"clang","test/CMakeFiles/unit.infrastructure.basic.exe.dir/Debug/unit/infrastructure/bitcast.cpp.o",130216,110183,110808
"clang","test/CMakeFiles/unit.infrastructure.basic.exe.dir/Debug/unit/infrastructure/buffer.cpp.o",194848,165871,114720
"clang","test/CMakeFiles/unit.infrastructure.basic.exe.dir/Debug/unit/infrastructure/callable.cpp.o",151569,127479,114392
"clang","test/CMakeFiles/unit.infrastructure.basic.exe.dir/Debug/unit/infrastructure/options.cpp.o",172969,148974,118388
"clang","test/CMakeFiles/unit.infrastructure.basic.exe.dir/Debug/unit/infrastructure/output.cpp.o",189132,168118,116964
"clang","test/CMakeFiles/unit.infrastructure.basic.exe.dir/Debug/unit/infrastructure/display.cpp.o",490602,447637,137792
"clang","test/CMakeFiles/unit.infrastructure.basic.exe.dir/Debug/unit/infrastructure/main.cpp.o",161548,138613,115912
"clang","test/CMakeFiles/unit.infrastructure.random.exe.dir/Debug/unit/infrastructure/random.cpp.o",508968,468971,149300
"ld","unit/Debug/unit.infrastructure.basic.exe",50982,32550,72132
"ld","unit/Debug/unit.infrastructure.random.exe",41311,25190,72620
"clang","test/CMakeFiles/unit.infrastructure.failure.exe.dir/Debug/unit/infrastructure/failure.cpp.o",465615,432572,138904
"ld","unit/Debug/unit.infrastructure.failure.exe",40271,24167,72636
"clang","test/CMakeFiles/unit.basic.exe.dir/Debug/unit/basic/exceptions.cpp.o",147463,114583,109880
"clang","test/CMakeFiles/unit.basic.exe.dir/Debug/unit/basic/main.cpp.o",188575,158643,115284
"clang","test/CMakeFiles/unit.basic.exe.dir/Debug/unit/basic/expect.cpp.o",124443,100358,113824
"clang","test/CMakeFiles/unit.basic.exe.dir/Debug/unit/basic/expect_not.cpp.o",123068,101234,112516
"clang","test/CMakeFiles/unit.basic.exe.dir/Debug/unit/basic/when.cpp.o",113033,91027,112968
"clang","test/CMakeFiles/unit.precision.exe.dir/Debug/unit/precision/main.cpp.o",160363,139316,115496
"clang","test/CMakeFiles/unit.precision.exe.dir/Debug/unit/precision/ieee.cpp.o",124587,106647,113624
"clang","test/CMakeFiles/unit.precision.exe.dir/Debug/unit/precision/absolute.cpp.o",241734,222755,120828
"clang","test/CMakeFiles/unit.precision.exe.dir/Debug/unit/precision/range.cpp.o",179492,155560,119608
"clang","test/CMakeFiles/unit.precision.exe.dir/Debug/unit/precision/relative.cpp.o",360024,327022,133780
"clang","test/CMakeFiles/unit.precision.exe.dir/Debug/unit/precision/sequence.cpp.o",352314,316282,138180
"clang","test/CMakeFiles/unit.precision.exe.dir/Debug/unit/precision/ulp.cpp.o",248867,220882,120208
"clang","test/CMakeFiles/unit.relation.exe.dir/Debug/unit/relation/main.cpp.o",164975,142979,116668
"clang","test/CMakeFiles/unit.relation.exe.dir/Debug/unit/relation/bit_equal.cpp.o",149833,124861,115680
"clang","test/CMakeFiles/unit.relation.exe.dir/Debug/unit/relation/comparison.cpp.o",153451,126372,115808
"clang","test/CMakeFiles/unit.relation.exe.dir/Debug/unit/relation/equal.cpp.o",245006,215006,125520
"clang","test/CMakeFiles/unit.relation.exe.dir/Debug/unit/relation/greater.cpp.o",249660,221698,125208
"clang","test/CMakeFiles/unit.relation.exe.dir/Debug/unit/relation/greater_equal.cpp.o",248674,228701,126120
"clang","test/CMakeFiles/unit.relation.exe.dir/Debug/unit/relation/less.cpp.o",244904,219914,125612
"clang","test/CMakeFiles/unit.relation.exe.dir/Debug/unit/relation/less_equal.cpp.o",245454,215521,126116
"clang","test/CMakeFiles/unit.relation.exe.dir/Debug/unit/relation/not_equal.cpp.o",241208,216187,125480
"clang","test/CMakeFiles/unit.generator.exe.dir/Debug/unit/generator/main.cpp.o",159885,134903,114808
"clang","test/CMakeFiles/unit.generator.exe.dir/Debug/unit/generator/customization.cpp.o",217030,191027,124036
"clang","test/CMakeFiles/unit.generator.exe.dir/Debug/unit/generator/limits.cpp.o",224212,201293,117572
"clang","test/CMakeFiles/unit.generator.exe.dir/Debug/unit/generator/generator.cpp.o",681891,635899,155456
"clang","test/CMakeFiles/unit.generator.exe.dir/Debug/unit/generator/types.cpp.o",387720,348749,134092
"clang","test/CMakeFiles/unit.driver.capture_flag.exe.dir/Debug/unit/driver/capture_flag.cpp.o",201119,180107,120360
"clang","test/CMakeFiles/unit.driver.crash.exe.dir/Debug/unit/driver/crash.cpp.o",175806,152700,117268
"clang","test/CMakeFiles/unit.driver.dry_flag.exe.dir/Debug/unit/driver/dry_flag.cpp.o",201606,176655,119468
"clang","test/CMakeFiles/unit.driver.empty_suite.exe.dir/Debug/unit/driver/empty_suite.cpp.o",189722,161763,120444
"clang","test/CMakeFiles/unit.driver.expected_outcome.exe.dir/Debug/unit/driver/expected_outcome.cpp.o",204898,186907,117484
"clang","test/CMakeFiles/unit.driver.infos.exe.dir/Debug/unit/driver/infos.cpp.o",167177,142151,117100
"clang","test/CMakeFiles/unit.driver.shard_flag.exe.dir/Debug/unit/driver/shard_flag.cpp.o",203343,179303,116288
"clang","test/CMakeFiles/unit.driver.seed_reporting.exe.dir/Debug/unit/driver/seed_reporting.cpp.o",240296,210384,120048
"clang","test/CMakeFiles/unit.driver.sink_flag.exe.dir/Debug/unit/driver/sink_flag.cpp.o",200893,176906,120436
"clang","test/CMakeFiles/unit.driver.sinks.exe.dir/Debug/unit/driver/sinks.cpp.o",171507,152562,115608
"clang","test/CMakeFiles/unit.driver.suite_aborted.exe.dir/Debug/unit/driver/suite_aborted.cpp.o",162957,139963,116520
"clang","test/CMakeFiles/unit.driver.structured_sink.exe.dir/Debug/unit/driver/structured_sink.cpp.o",172752,153780,117180
"ld","unit/Debug/unit.basic.exe",42480,26468,72592
"ld","unit/Debug/unit.precision.exe",63469,43635,72196
"clang","test/CMakeFiles/unit.driver.timeout.exe.dir/Debug/unit/driver/timeout.cpp.o",177470,158527,117064
"ld","unit/Debug/unit.relation.exe",57272,31972,72592
"ld","unit/Debug/unit.driver.capture_flag.exe",41420,31318,72240
"ld","unit/Debug/unit.generator.exe",68305,41184,72780
"ld","unit/Debug/unit.driver.crash.exe",42140,29218,71888
"ld","unit/Debug/unit.driver.dry_flag.exe",39020,30016,72540
"ld","unit/Debug/unit.driver.empty_suite.exe",43223,32166,70036
"ld","unit/Debug/unit.driver.expected_outcome.exe",44447,31315,71796
"ld","unit/Debug/unit.driver.seed_reporting.exe",40941,30340,70868
"ld","unit/Debug/unit.driver.infos.exe",43859,31192,71552
"ld","unit/Debug/unit.driver.shard_flag.exe",43644,37055,72568
"ld","unit/Debug/unit.driver.sink_flag.exe",44116,31082,72692
"ld","unit/Debug/unit.driver.sinks.exe",43283,29191,69488
"ld","unit/Debug/unit.driver.structured_sink.exe",43516,33626,70140
"ld","unit/Debug/unit.driver.timeout.exe",44231,33434,71384
"ld","unit/Debug/unit.driver.suite_aborted.exe",44208,33360,70672
