"clang","test/CMakeFiles/unit.infrastructure.basic.exe.dir/Debug/unit/infrastructure/bitcast.cpp.o",232614,207656,112404
"clang","test/CMakeFiles/unit.infrastructure.basic.exe.dir/Debug/unit/infrastructure/buffer.cpp.o",346618,318568,115184
"clang","test/CMakeFiles/unit.infrastructure.basic.exe.dir/Debug/unit/infrastructure/callable.cpp.o",260529,234576,114592
"clang","test/CMakeFiles/unit.infrastructure.basic.exe.dir/Debug/unit/infrastructure/options.cpp.o",307597,281547,117236
"clang","test/CMakeFiles/unit.infrastructure.basic.exe.dir/Debug/unit/infrastructure/output.cpp.o",342675,314702,115512
"clang","test/CMakeFiles/unit.infrastructure.basic.exe.dir/Debug/unit/infrastructure/display.cpp.o",871725,797749,137892
"clang","test/CMakeFiles/unit.infrastructure.basic.exe.dir/Debug/unit/infrastructure/main.cpp.o",286276,265256,116384
"clang","test/CMakeFiles/unit.infrastructure.random.exe.dir/Debug/unit/infrastructure/random.cpp.o",973407,920440,148244
"clang","test/CMakeFiles/unit.infrastructure.failure.exe.dir/Debug/unit/infrastructure/failure.cpp.o",884520,841495,138764
"ld","unit/Debug/unit.infrastructure.basic.exe",66741,40842,72240
"clang","test/CMakeFiles/unit.infrastructure.replaced_new.exe.dir/Debug/unit/infrastructure/replaced_new.cpp.o",313014,281013,117248
"ld","unit/Debug/unit.infrastructure.random.exe",55536,35702,71828
"ld","unit/Debug/unit.infrastructure.failure.exe",53375,40119,72872
"ld","unit/Debug/unit.infrastructure.replaced_new.exe",46602,31050,72240
"clang","test/CMakeFiles/unit.basic.exe.dir/Debug/unit/basic/exceptions.cpp.o",195806,171707,111752
"clang","test/CMakeFiles/unit.basic.exe.dir/Debug/unit/basic/main.cpp.o",288172,258154,116368
"clang","test/CMakeFiles/unit.basic.exe.dir/Debug/unit/basic/expect.cpp.o",227291,201258,113636
"clang","test/CMakeFiles/unit.basic.exe.dir/Debug/unit/basic/expect_not.cpp.o",223905,196917,112548
"clang","test/CMakeFiles/unit.basic.exe.dir/Debug/unit/basic/when.cpp.o",203681,182714,113280
"clang","test/CMakeFiles/unit.precision.exe.dir/Debug/unit/precision/main.cpp.o",286288,258260,116604
"clang","test/CMakeFiles/unit.precision.exe.dir/Debug/unit/precision/ieee.cpp.o",224061,199055,114668
"clang","test/CMakeFiles/unit.precision.exe.dir/Debug/unit/precision/absolute.cpp.o",448871,416881,120496
"clang","test/CMakeFiles/unit.precision.exe.dir/Debug/unit/precision/range.cpp.o",326480,306451,120828
"clang","test/CMakeFiles/unit.precision.exe.dir/Debug/unit/precision/relative.cpp.o",728097,690092,133392
"clang","test/CMakeFiles/unit.precision.exe.dir/Debug/unit/precision/sequence.cpp.o",706955,672958,137920
"clang","test/CMakeFiles/unit.precision.exe.dir/Debug/unit/precision/ulp.cpp.o",456792,425807,119964
"clang","test/CMakeFiles/unit.relation.exe.dir/Debug/unit/relation/main.cpp.o",286271,257244,116664
"clang","test/CMakeFiles/unit.relation.exe.dir/Debug/unit/relation/bit_equal.cpp.o",273096,247087,115656
"clang","test/CMakeFiles/unit.relation.exe.dir/Debug/unit/relation/comparison.cpp.o",267358,247332,114596
"clang","test/CMakeFiles/unit.relation.exe.dir/Debug/unit/relation/equal.cpp.o",453986,426987,125536
"clang","test/CMakeFiles/unit.relation.exe.dir/Debug/unit/relation/greater.cpp.o",456032,423030,125756
"clang","test/CMakeFiles/unit.relation.exe.dir/Debug/unit/relation/greater_equal.cpp.o",461492,423534,125920
"clang","test/CMakeFiles/unit.relation.exe.dir/Debug/unit/relation/less.cpp.o",444923,405930,125868
"clang","test/CMakeFiles/unit.relation.exe.dir/Debug/unit/relation/less_equal.cpp.o",460780,418800,125928
"clang","test/CMakeFiles/unit.relation.exe.dir/Debug/unit/relation/not_equal.cpp.o",442465,412434,125532
"clang","test/CMakeFiles/unit.generator.exe.dir/Debug/unit/generator/main.cpp.o",283219,251195,116604
"clang","test/CMakeFiles/unit.generator.exe.dir/Debug/unit/generator/customization.cpp.o",412459,368517,123140
"clang","test/CMakeFiles/unit.generator.exe.dir/Debug/unit/generator/limits.cpp.o",393219,373208,118660
"clang","test/CMakeFiles/unit.generator.exe.dir/Debug/unit/generator/generator.cpp.o",1298725,1247736,153952
"clang","test/CMakeFiles/unit.generator.exe.dir/Debug/unit/generator/types.cpp.o",723084,675079,133976
"clang","test/CMakeFiles/unit.driver.crash.exe.dir/Debug/unit/driver/crash.cpp.o",299985,268987,117292
"clang","test/CMakeFiles/unit.driver.capture_flag.exe.dir/Debug/unit/driver/capture_flag.cpp.o",345092,309083,120264
"clang","test/CMakeFiles/unit.driver.empty_suite.exe.dir/Debug/unit/driver/empty_suite.cpp.o",338423,305480,120448
"clang","test/CMakeFiles/unit.driver.dry_flag.exe.dir/Debug/unit/driver/dry_flag.cpp.o",360256,336239,121120
"clang","test/CMakeFiles/unit.driver.infos.exe.dir/Debug/unit/driver/infos.cpp.o",291617,266650,115460
"clang","test/CMakeFiles/unit.driver.expected_outcome.exe.dir/Debug/unit/driver/expected_outcome.cpp.o",360134,342178,118468
"clang","test/CMakeFiles/unit.driver.seed_reporting.exe.dir/Debug/unit/driver/seed_reporting.cpp.o",429452,392500,124044
"clang","test/CMakeFiles/unit.driver.shard_flag.exe.dir/Debug/unit/driver/shard_flag.cpp.o",362765,330786,120008
"clang","test/CMakeFiles/unit.driver.sinks.exe.dir/Debug/unit/driver/sinks.cpp.o",305113,277195,115292
"clang","test/CMakeFiles/unit.driver.sink_flag.exe.dir/Debug/unit/driver/sink_flag.cpp.o",358552,330587,117336
"clang","test/CMakeFiles/unit.driver.structured_sink.exe.dir/Debug/unit/driver/structured_sink.cpp.o",308421,278478,116680
"clang","test/CMakeFiles/unit.driver.suite_aborted.exe.dir/Debug/unit/driver/suite_aborted.cpp.o",292780,266800,117112
"ld","unit/Debug/unit.basic.exe",51804,38853,72388
"ld","unit/Debug/unit.precision.exe",72563,51646,71776
"ld","unit/Debug/unit.relation.exe",64530,47653,72124
"clang","test/CMakeFiles/unit.driver.timeout.exe.dir/Debug/unit/driver/timeout.cpp.o",309026,284024,116204
"ld","unit/Debug/unit.generator.exe",81157,47110,72524
"ld","unit/Debug/unit.driver.capture_flag.exe",46329,37458,72124
"ld","unit/Debug/unit.driver.crash.exe",46490,34362,71772
"ld","unit/Debug/unit.driver.dry_flag.exe",47950,31148,72476
"ld","unit/Debug/unit.driver.empty_suite.exe",45898,30931,72544
"ld","unit/Debug/unit.driver.expected_outcome.exe",48484,30492,72216
"ld","unit/Debug/unit.driver.infos.exe",48710,32998,72240
"ld","unit/Debug/unit.driver.seed_reporting.exe",49603,38468,72068
"ld","unit/Debug/unit.driver.shard_flag.exe",48756,32036,71780
"ld","unit/Debug/unit.driver.sink_flag.exe",48918,33943,72224
"ld","unit/Debug/unit.driver.sinks.exe",47449,32306,72872
"ld","unit/Debug/unit.driver.structured_sink.exe",49510,30880,72008
"ld","unit/Debug/unit.driver.suite_aborted.exe",47334,29584,72000
"ld","unit/Debug/unit.driver.timeout.exe",47870,33514,72452
