"clang","test/CMakeFiles/unit.infrastructure.basic.exe.dir/Debug/unit/infrastructure/bitcast.cpp.o",183150,154973,115576
"clang","test/CMakeFiles/unit.infrastructure.basic.exe.dir/Debug/unit/infrastructure/buffer.cpp.o",261215,238108,117000
"clang","test/CMakeFiles/unit.infrastructure.basic.exe.dir/Debug/unit/infrastructure/callable.cpp.o",205737,184764,117240
"clang","test/CMakeFiles/unit.infrastructure.basic.exe.dir/Debug/unit/infrastructure/options.cpp.o",203971,176975,116852
"clang","test/CMakeFiles/unit.infrastructure.basic.exe.dir/Debug/unit/infrastructure/display.cpp.o",568861,523872,138344
"clang","test/CMakeFiles/unit.infrastructure.basic.exe.dir/Debug/unit/infrastructure/output.cpp.o",258717,230748,119076
"clang","test/CMakeFiles/unit.infrastructure.basic.exe.dir/Debug/unit/infrastructure/main.cpp.o",224756,196787,119168
"clang","test/CMakeFiles/unit.infrastructure.random.exe.dir/Debug/unit/infrastructure/random.cpp.o",636507,589544,149672
"clang","test/CMakeFiles/unit.infrastructure.failure.exe.dir/Debug/unit/infrastructure/failure.cpp.o",581596,539553,138376
"clang","test/CMakeFiles/unit.basic.exe.dir/Debug/unit/basic/main.cpp.o",221491,197438,119380
"clang","test/CMakeFiles/unit.basic.exe.dir/Debug/unit/basic/exceptions.cpp.o",158800,136828,115000
"clang","test/CMakeFiles/unit.basic.exe.dir/Debug/unit/basic/expect.cpp.o",178440,154381,114996
"clang","test/CMakeFiles/unit.basic.exe.dir/Debug/unit/basic/expect_not.cpp.o",176990,157991,116028
"clang","test/CMakeFiles/unit.basic.exe.dir/Debug/unit/basic/when.cpp.o",168603,145521,115184
"clang","test/CMakeFiles/unit.precision.exe.dir/Debug/unit/precision/main.cpp.o",219575,189633,119424
"clang","test/CMakeFiles/unit.precision.exe.dir/Debug/unit/precision/ieee.cpp.o",177953,152960,115196
"clang","test/CMakeFiles/unit.precision.exe.dir/Debug/unit/precision/absolute.cpp.o",330830,306843,120908
"clang","test/CMakeFiles/unit.precision.exe.dir/Debug/unit/precision/range.cpp.o",216025,188022,120428
"clang","test/CMakeFiles/unit.precision.exe.dir/Debug/unit/precision/relative.cpp.o",416121,389114,130948
"clang","test/CMakeFiles/unit.precision.exe.dir/Debug/unit/precision/sequence.cpp.o",446794,397817,137736
"clang","test/CMakeFiles/unit.precision.exe.dir/Debug/unit/precision/ulp.cpp.o",338392,311361,122180
"clang","test/CMakeFiles/unit.relation.exe.dir/Debug/unit/relation/main.cpp.o",222832,191856,117968
"clang","test/CMakeFiles/unit.relation.exe.dir/Debug/unit/relation/bit_equal.cpp.o",203366,182329,117044
"clang","test/CMakeFiles/unit.relation.exe.dir/Debug/unit/relation/equal.cpp.o",298204,275189,125660
"clang","test/CMakeFiles/unit.relation.exe.dir/Debug/unit/relation/greater.cpp.o",302068,275062,125020
"clang","test/CMakeFiles/unit.relation.exe.dir/Debug/unit/relation/greater_equal.cpp.o",305061,267054,125972
"clang","test/CMakeFiles/unit.relation.exe.dir/Debug/unit/relation/less.cpp.o",298272,275251,125584
"clang","test/CMakeFiles/unit.relation.exe.dir/Debug/unit/relation/less_equal.cpp.o",307906,272917,125516
"clang","test/CMakeFiles/unit.relation.exe.dir/Debug/unit/relation/not_equal.cpp.o",301581,282608,125552
"clang","test/CMakeFiles/unit.generator.exe.dir/Debug/unit/generator/main.cpp.o",226735,198768,119808
"clang","test/CMakeFiles/unit.generator.exe.dir/Debug/unit/generator/limits.cpp.o",290865,261879,120816
"clang","test/CMakeFiles/unit.generator.exe.dir/Debug/unit/generator/generator.cpp.o",827898,777905,150756
"clang","test/CMakeFiles/unit.generator.exe.dir/Debug/unit/generator/types.cpp.o",489344,449316,132796
"clang","test/CMakeFiles/unit.driver.capture_flag.exe.dir/Debug/unit/driver/capture_flag.cpp.o",232071,207064,119096
"clang","test/CMakeFiles/unit.driver.crash.exe.dir/Debug/unit/driver/crash.cpp.o",234303,209271,119628
"clang","test/CMakeFiles/unit.driver.dry_flag.exe.dir/Debug/unit/driver/dry_flag.cpp.o",244306,219275,120116
"clang","test/CMakeFiles/unit.driver.empty_suite.exe.dir/Debug/unit/driver/empty_suite.cpp.o",227162,205147,119676
"clang","test/CMakeFiles/unit.driver.infos.exe.dir/Debug/unit/driver/infos.cpp.o",227204,202182,120348
"clang","test/CMakeFiles/unit.driver.expected_outcome.exe.dir/Debug/unit/driver/expected_outcome.cpp.o",272710,250653,122364
"clang","test/CMakeFiles/unit.driver.shard_flag.exe.dir/Debug/unit/driver/shard_flag.cpp.o",244803,218718,120576
"clang","test/CMakeFiles/unit.driver.seed_reporting.exe.dir/Debug/unit/driver/seed_reporting.cpp.o",294568,264612,125728
"clang","test/CMakeFiles/unit.driver.sink_flag.exe.dir/Debug/unit/driver/sink_flag.cpp.o",242740,215769,120724
"clang","test/CMakeFiles/unit.driver.sinks.exe.dir/Debug/unit/driver/sinks.cpp.o",237829,207851,119860
"clang","test/CMakeFiles/unit.driver.structured_sink.exe.dir/Debug/unit/driver/structured_sink.cpp.o",240074,217067,120708
"clang","test/CMakeFiles/unit.driver.suite_aborted.exe.dir/Debug/unit/driver/suite_aborted.cpp.o",230066,200058,119540
