"clang","test/CMakeFiles/unit.infrastructure.basic.exe.dir/Debug/unit/infrastructure/bitcast.cpp.o",233172,208046,111436
"clang","test/CMakeFiles/unit.infrastructure.basic.exe.dir/Debug/unit/infrastructure/buffer.cpp.o",352886,321808,115532
"clang","test/CMakeFiles/unit.infrastructure.basic.exe.dir/Debug/unit/infrastructure/callable.cpp.o",267125,239112,114284
"clang","test/CMakeFiles/unit.infrastructure.basic.exe.dir/Debug/unit/infrastructure/options.cpp.o",316751,289773,116792
"clang","test/CMakeFiles/unit.infrastructure.basic.exe.dir/Debug/unit/infrastructure/output.cpp.o",353979,312982,116916
"clang","test/CMakeFiles/unit.infrastructure.basic.exe.dir/Debug/unit/infrastructure/display.cpp.o",927737,872753,137164
"clang","test/CMakeFiles/unit.infrastructure.basic.exe.dir/Debug/unit/infrastructure/main.cpp.o",298063,263942,116664
"clang","test/CMakeFiles/unit.infrastructure.random.exe.dir/Debug/unit/infrastructure/random.cpp.o",1008126,959169,149816
"ld","unit/Debug/unit.infrastructure.basic.exe",72367,46235,72476
"clang","test/CMakeFiles/unit.infrastructure.failure.exe.dir/Debug/unit/infrastructure/failure.cpp.o",905735,861700,139808
"ld","unit/Debug/unit.infrastructure.random.exe",59366,43267,72124
"ld","unit/Debug/unit.infrastructure.failure.exe",51261,32164,72224
"clang","test/CMakeFiles/unit.basic.exe.dir/Debug/unit/basic/exceptions.cpp.o",202195,174029,109648
"clang","test/CMakeFiles/unit.basic.exe.dir/Debug/unit/basic/main.cpp.o",296547,260481,115332
"clang","test/CMakeFiles/unit.basic.exe.dir/Debug/unit/basic/expect.cpp.o",235671,206712,113436
"clang","test/CMakeFiles/unit.basic.exe.dir/Debug/unit/basic/expect_not.cpp.o",230430,206490,111740
"clang","test/CMakeFiles/unit.basic.exe.dir/Debug/unit/basic/when.cpp.o",212596,192540,111932
"clang","test/CMakeFiles/unit.precision.exe.dir/Debug/unit/precision/main.cpp.o",293719,266653,116620
"clang","test/CMakeFiles/unit.precision.exe.dir/Debug/unit/precision/ieee.cpp.o",239557,203473,114780
"clang","test/CMakeFiles/unit.precision.exe.dir/Debug/unit/precision/absolute.cpp.o",469127,440120,119324
"clang","test/CMakeFiles/unit.precision.exe.dir/Debug/unit/precision/range.cpp.o",333897,303907,120308
"clang","test/CMakeFiles/unit.precision.exe.dir/Debug/unit/precision/relative.cpp.o",744277,706263,133784
"clang","test/CMakeFiles/unit.precision.exe.dir/Debug/unit/precision/sequence.cpp.o",703975,649977,137184
"clang","test/CMakeFiles/unit.precision.exe.dir/Debug/unit/precision/ulp.cpp.o",471349,435323,118848
"clang","test/CMakeFiles/unit.relation.exe.dir/Debug/unit/relation/main.cpp.o",297923,276929,116604
"clang","test/CMakeFiles/unit.relation.exe.dir/Debug/unit/relation/bit_equal.cpp.o",280145,254132,115552
"clang","test/CMakeFiles/unit.relation.exe.dir/Debug/unit/relation/comparison.cpp.o",279209,249187,115548
"clang","test/CMakeFiles/unit.relation.exe.dir/Debug/unit/relation/equal.cpp.o",463764,424784,125512
"clang","test/CMakeFiles/unit.relation.exe.dir/Debug/unit/relation/greater.cpp.o",464992,422993,125756
"clang","test/CMakeFiles/unit.relation.exe.dir/Debug/unit/relation/greater_equal.cpp.o",488089,449082,125932
"clang","test/CMakeFiles/unit.relation.exe.dir/Debug/unit/relation/less.cpp.o",474054,428049,124184
"clang","test/CMakeFiles/unit.relation.exe.dir/Debug/unit/relation/less_equal.cpp.o",479351,438407,126252
"clang","test/CMakeFiles/unit.relation.exe.dir/Debug/unit/relation/not_equal.cpp.o",466683,424712,125732
"clang","test/CMakeFiles/unit.generator.exe.dir/Debug/unit/generator/main.cpp.o",300323,273294,116336
"clang","test/CMakeFiles/unit.generator.exe.dir/Debug/unit/generator/customization.cpp.o",447909,399919,123868
"clang","test/CMakeFiles/unit.generator.exe.dir/Debug/unit/generator/limits.cpp.o",403074,379070,118288
"clang","test/CMakeFiles/unit.generator.exe.dir/Debug/unit/generator/generator.cpp.o",1367471,1305495,155140
"clang","test/CMakeFiles/unit.generator.exe.dir/Debug/unit/generator/types.cpp.o",754837,701849,133196
"clang","test/CMakeFiles/unit.driver.crash.exe.dir/Debug/unit/driver/crash.cpp.o",322827,300771,117148
"clang","test/CMakeFiles/unit.driver.capture_flag.exe.dir/Debug/unit/driver/capture_flag.cpp.o",373503,341546,118972
"clang","test/CMakeFiles/unit.driver.dry_flag.exe.dir/Debug/unit/driver/dry_flag.cpp.o",379762,340787,120588
"clang","test/CMakeFiles/unit.driver.empty_suite.exe.dir/Debug/unit/driver/empty_suite.cpp.o",357556,326421,118888
"clang","test/CMakeFiles/unit.driver.infos.exe.dir/Debug/unit/driver/infos.cpp.o",304232,275210,116316
"clang","test/CMakeFiles/unit.driver.expected_outcome.exe.dir/Debug/unit/driver/expected_outcome.cpp.o",374784,332809,118644
"clang","test/CMakeFiles/unit.driver.shard_flag.exe.dir/Debug/unit/driver/shard_flag.cpp.o",384159,351146,121524
"clang","test/CMakeFiles/unit.driver.seed_reporting.exe.dir/Debug/unit/driver/seed_reporting.cpp.o",459609,425638,124628
"clang","test/CMakeFiles/unit.driver.sinks.exe.dir/Debug/unit/driver/sinks.cpp.o",318970,290973,117356
"clang","test/CMakeFiles/unit.driver.sink_flag.exe.dir/Debug/unit/driver/sink_flag.cpp.o",375283,343259,119364
"clang","test/CMakeFiles/unit.driver.structured_sink.exe.dir/Debug/unit/driver/structured_sink.cpp.o",316111,282099,115968
"clang","test/CMakeFiles/unit.driver.suite_aborted.exe.dir/Debug/unit/driver/suite_aborted.cpp.o",307892,270905,117036
"ld","unit/Debug/unit.basic.exe",58474,41335,72548
"ld","unit/Debug/unit.precision.exe",84193,50516,72508
"ld","unit/Debug/unit.relation.exe",71973,50066,72552
"clang","test/CMakeFiles/unit.driver.timeout.exe.dir/Debug/unit/driver/timeout.cpp.o",324858,291873,116112
"ld","unit/Debug/unit.driver.capture_flag.exe",50290,37215,72132
"ld","unit/Debug/unit.generator.exe",88878,54925,72564
"ld","unit/Debug/unit.driver.crash.exe",51046,36188,70920
"ld","unit/Debug/unit.driver.dry_flag.exe",51592,38237,71740
"ld","unit/Debug/unit.driver.empty_suite.exe",52028,34725,70392
"ld","unit/Debug/unit.driver.expected_outcome.exe",54169,35881,70024
"ld","unit/Debug/unit.driver.seed_reporting.exe",60111,42078,70100
"ld","unit/Debug/unit.driver.infos.exe",60314,47886,69540
"ld","unit/Debug/unit.driver.shard_flag.exe",59755,43258,70396
"ld","unit/Debug/unit.driver.sink_flag.exe",59828,44871,69980
"ld","unit/Debug/unit.driver.structured_sink.exe",60461,45594,70464
"ld","unit/Debug/unit.driver.sinks.exe",60593,45693,70400
"ld","unit/Debug/unit.driver.suite_aborted.exe",53204,40278,70040
"ld","unit/Debug/unit.driver.timeout.exe",54022,42017,70208
